,mean_fit_time,std_fit_time,mean_score_time,std_score_time,param_cxpb,param_gcount,param_lmbda,param_mu,param_mutpb,params,split0_test_score,split1_test_score,split2_test_score,split3_test_score,split4_test_score,mean_test_score,std_test_score,rank_test_score
0,0.17831783294677733,0.012243019733744379,0.00022983551025390625,2.1941246159139532e-05,0.1,50,10,5,0.1,"{'cxpb': 0.1, 'gcount': 50, 'lmbda': 10, 'mu': 5, 'mutpb': 0.1}",-507.4625,-468.4125,-411.6875,-448.4,-384.1625,-444.025,43.05215441763628,3
1,0.18375897407531738,0.008670933223140448,0.0002843379974365234,8.90615913153657e-05,0.1,50,10,10,0.1,"{'cxpb': 0.1, 'gcount': 50, 'lmbda': 10, 'mu': 10, 'mutpb': 0.1}",-507.4625,-468.4125,-436.1125,-448.4,-361.7875,-444.43499999999995,47.88106254042404,4
2,2.3674532890319826,0.5850657531845177,0.00033593177795410156,3.5326521977654744e-05,0.1,1000,10,5,0.1,"{'cxpb': 0.1, 'gcount': 1000, 'lmbda': 10, 'mu': 5, 'mutpb': 0.1}",-0.0,-0.0,-0.0,-0.0,-0.0,0.0,0.0,1
3,2.9636035442352293,0.2774921393716211,0.00039401054382324217,6.0578327928427626e-05,0.1,1000,10,10,0.1,"{'cxpb': 0.1, 'gcount': 1000, 'lmbda': 10, 'mu': 10, 'mutpb': 0.1}",-0.0,-0.0,-0.0,-0.0,-0.0,0.0,0.0,1
